datetime	from	to	duration	streets
2025-11-28T22:55:13.056040	120 Carnotstraat, Antwerpen, Belgium	51.215447,4.4447065	316	['Carnotstraat', 'Turnhoutsebaan', 'N12 - Turnhoutsebaan', None, 'Helmstraat', 'Borsbeekstraat', 'Gijselsstraat']
2025-11-28T22:55:13.056040	120 Carnotstraat, Antwerpen, Belgium	51.215447,4.4447065	348	['Carnotstraat', 'Kerkstraat', 'Lovelingstraat', 'Schapenstraat', 'Kistemaeckersstraat', 'Vercammenstraat', 'Groeningerplein', 'Drossaardstraat', 'Borsbeekstraat', 'Gijselsstraat', None]
2025-11-28T22:55:13.056040	120 Carnotstraat, Antwerpen, Belgium	51.215447,4.4447065	350	['Carnotstraat', 'Turnhoutsebaan', 'N12 - Turnhoutsebaan', 'Statielei', None]
2025-11-28T22:58:49.139997	120 Carnotstraat, Antwerpen, Belgium	51.215447,4.4447065	316	['Carnotstraat', 'Turnhoutsebaan', 'N12 - Turnhoutsebaan', None, 'Helmstraat', 'Borsbeekstraat', 'Gijselsstraat']
2025-11-28T22:58:49.139997	120 Carnotstraat, Antwerpen, Belgium	51.215447,4.4447065	338	['Carnotstraat', 'Turnhoutsebaan', 'N12 - Turnhoutsebaan', 'Statielei', None]
2025-11-28T22:58:49.139997	120 Carnotstraat, Antwerpen, Belgium	51.215447,4.4447065	346	['Carnotstraat', 'Kerkstraat', 'Lovelingstraat', 'Schapenstraat', 'Kistemaeckersstraat', 'Vercammenstraat', 'Groeningerplein', 'Drossaardstraat', 'Borsbeekstraat', 'Gijselsstraat', None]
2025-11-28T23:06:27.907456	120 Carnotstraat, Antwerpen, Belgium	51.215447,4.4447065	302	['Carnotstraat', 'Turnhoutsebaan', 'N12 - Turnhoutsebaan', None, 'Helmstraat', 'Borsbeekstraat', 'Gijselsstraat']
2025-11-28T23:06:27.907456	120 Carnotstraat, Antwerpen, Belgium	51.215447,4.4447065	334	['Carnotstraat', 'Turnhoutsebaan', 'N12 - Turnhoutsebaan', 'Statielei', None]
2025-11-28T23:06:27.907456	120 Carnotstraat, Antwerpen, Belgium	51.215447,4.4447065	343	['Carnotstraat', 'Kerkstraat', 'Lovelingstraat', 'Schapenstraat', 'Kistemaeckersstraat', 'Vercammenstraat', 'Groeningerplein', 'Drossaardstraat', 'Borsbeekstraat', 'Gijselsstraat', None]
2025-11-28T23:19:24.946324	120 Carnotstraat, Antwerpen, Belgium	51.215447,4.4447065	303	['Carnotstraat', 'Turnhoutsebaan', 'N12 - Turnhoutsebaan', None, 'Helmstraat', 'Borsbeekstraat', 'Gijselsstraat']
2025-11-28T23:19:24.946324	120 Carnotstraat, Antwerpen, Belgium	51.215447,4.4447065	335	['Carnotstraat', 'Turnhoutsebaan', 'N12 - Turnhoutsebaan', 'Statielei', None]
2025-11-28T23:19:24.946324	120 Carnotstraat, Antwerpen, Belgium	51.215447,4.4447065	353	['Carnotstraat', 'Kerkstraat', 'Lovelingstraat', 'Schapenstraat', 'Kistemaeckersstraat', 'Vercammenstraat', 'Groeningerplein', 'Drossaardstraat', 'Borsbeekstraat', 'Gijselsstraat', None]
2025-11-28T23:30:36.200774	120 Carnotstraat, Antwerpen, Belgium	51.215447,4.4447065	307	['Carnotstraat', 'Turnhoutsebaan', 'N12 - Turnhoutsebaan', 'Statielei', None]
2025-11-28T23:30:36.200774	120 Carnotstraat, Antwerpen, Belgium	51.215447,4.4447065	301	['Carnotstraat', 'Turnhoutsebaan', 'N12 - Turnhoutsebaan', None, 'Helmstraat', 'Borsbeekstraat', 'Gijselsstraat']
2025-11-28T23:30:36.200774	120 Carnotstraat, Antwerpen, Belgium	51.215447,4.4447065	337	['Carnotstraat', 'Kerkstraat', 'Lovelingstraat', 'Schapenstraat', 'Kistemaeckersstraat', 'Vercammenstraat', 'Groeningerplein', 'Drossaardstraat', 'Borsbeekstraat', 'Gijselsstraat', None]
2025-11-28T23:40:02.610131	120 Carnotstraat, Antwerpen, Belgium	51.215447,4.4447065	296	['Carnotstraat', 'Turnhoutsebaan', 'N12 - Turnhoutsebaan', 'Statielei', None]
2025-11-28T23:40:02.610131	120 Carnotstraat, Antwerpen, Belgium	51.215447,4.4447065	295	['Carnotstraat', 'Turnhoutsebaan', 'N12 - Turnhoutsebaan', None, 'Helmstraat', 'Borsbeekstraat', 'Gijselsstraat']
2025-11-28T23:40:02.610131	120 Carnotstraat, Antwerpen, Belgium	51.215447,4.4447065	332	['Carnotstraat', 'Kerkstraat', 'Lovelingstraat', 'Schapenstraat', 'Kistemaeckersstraat', 'Vercammenstraat', 'Groeningerplein', 'Drossaardstraat', 'Borsbeekstraat', 'Gijselsstraat', None]
2025-11-28T23:48:46.459675	120 Carnotstraat, Antwerpen, Belgium	51.215447,4.4447065	293	['Carnotstraat', 'Turnhoutsebaan', 'N12 - Turnhoutsebaan', 'Statielei', None]
2025-11-28T23:48:46.459675	120 Carnotstraat, Antwerpen, Belgium	51.215447,4.4447065	296	['Carnotstraat', 'Turnhoutsebaan', 'N12 - Turnhoutsebaan', None, 'Helmstraat', 'Borsbeekstraat', 'Gijselsstraat']
2025-11-28T23:48:46.459675	120 Carnotstraat, Antwerpen, Belgium	51.215447,4.4447065	347	['Carnotstraat', 'Kerkstraat', 'Lovelingstraat', 'Schapenstraat', 'Kistemaeckersstraat', 'Vercammenstraat', 'Groeningerplein', 'Drossaardstraat', 'Borsbeekstraat', 'Gijselsstraat', None]
2025-11-28T23:57:28.699845	120 Carnotstraat, Antwerpen, Belgium	51.215447,4.4447065	274	['Carnotstraat', 'Turnhoutsebaan', 'N12 - Turnhoutsebaan', None, 'Helmstraat', 'Borsbeekstraat', 'Gijselsstraat']
2025-11-28T23:57:28.699845	120 Carnotstraat, Antwerpen, Belgium	51.215447,4.4447065	305	['Carnotstraat', 'Turnhoutsebaan', 'N12 - Turnhoutsebaan', 'Statielei', None]
2025-11-28T23:57:28.699845	120 Carnotstraat, Antwerpen, Belgium	51.215447,4.4447065	332	['Carnotstraat', 'Kerkstraat', 'Lovelingstraat', 'Schapenstraat', 'Kistemaeckersstraat', 'Vercammenstraat', 'Groeningerplein', 'Drossaardstraat', 'Borsbeekstraat', 'Gijselsstraat', None]
2025-11-29T00:35:39.901455	120 Carnotstraat, Antwerpen, Belgium	51.215447,4.4447065	306	['Carnotstraat', 'Turnhoutsebaan', 'N12 - Turnhoutsebaan', 'Statielei', None]
2025-11-29T00:35:39.901455	120 Carnotstraat, Antwerpen, Belgium	51.215447,4.4447065	301	['Carnotstraat', 'Turnhoutsebaan', 'N12 - Turnhoutsebaan', None, 'Helmstraat', 'Borsbeekstraat', 'Gijselsstraat']
2025-11-29T00:35:39.901455	120 Carnotstraat, Antwerpen, Belgium	51.215447,4.4447065	347	['Carnotstraat', 'Kerkstraat', 'Lovelingstraat', 'Schapenstraat', 'Kistemaeckersstraat', 'Vercammenstraat', 'Groeningerplein', 'Drossaardstraat', 'Borsbeekstraat', 'Gijselsstraat', None]
2025-11-29T01:04:52.903201	120 Carnotstraat, Antwerpen, Belgium	51.215447,4.4447065	300	['Carnotstraat', 'Turnhoutsebaan', 'N12 - Turnhoutsebaan', 'Statielei', None]
2025-11-29T01:04:52.903201	120 Carnotstraat, Antwerpen, Belgium	51.215447,4.4447065	327	['Carnotstraat', 'Turnhoutsebaan', 'N12 - Turnhoutsebaan', None, 'Helmstraat', 'Borsbeekstraat', 'Gijselsstraat']
2025-11-29T01:04:52.903201	120 Carnotstraat, Antwerpen, Belgium	51.215447,4.4447065	372	['Carnotstraat', 'Kerkstraat', 'Lovelingstraat', 'Schapenstraat', 'Kistemaeckersstraat', 'Vercammenstraat', 'Groeningerplein', 'Drossaardstraat', 'Borsbeekstraat', 'Gijselsstraat', None]
2025-11-29T01:46:56.939506	120 Carnotstraat, Antwerpen, Belgium	51.215447,4.4447065	323	['Carnotstraat', 'Turnhoutsebaan', 'N12 - Turnhoutsebaan', 'Statielei', None]
2025-11-29T01:46:56.939506	120 Carnotstraat, Antwerpen, Belgium	51.215447,4.4447065	342	['Carnotstraat', 'Turnhoutsebaan', 'N12 - Turnhoutsebaan', None, 'Helmstraat', 'Borsbeekstraat', 'Gijselsstraat']
2025-11-29T01:46:56.939506	120 Carnotstraat, Antwerpen, Belgium	51.215447,4.4447065	400	['Carnotstraat', 'Kerkstraat', 'Lovelingstraat', 'Schapenstraat', 'Kistemaeckersstraat', 'Vercammenstraat', 'Groeningerplein', 'Drossaardstraat', 'Borsbeekstraat', 'Gijselsstraat', None]
2025-11-29T02:22:59.227067	120 Carnotstraat, Antwerpen, Belgium	51.215447,4.4447065	278	['Carnotstraat', 'Turnhoutsebaan', 'N12 - Turnhoutsebaan', 'Statielei', None]
2025-11-29T02:22:59.227067	120 Carnotstraat, Antwerpen, Belgium	51.215447,4.4447065	350	['Carnotstraat', 'Turnhoutsebaan', 'N12 - Turnhoutsebaan', None, 'Helmstraat', 'Borsbeekstraat', 'Gijselsstraat']
2025-11-29T02:22:59.227067	120 Carnotstraat, Antwerpen, Belgium	51.215447,4.4447065	364	['Carnotstraat', 'Kerkstraat', 'Lovelingstraat', 'Schapenstraat', 'Kistemaeckersstraat', 'Vercammenstraat', 'Groeningerplein', 'Drossaardstraat', 'Borsbeekstraat', 'Gijselsstraat', None]
2025-11-29T02:58:17.344484	120 Carnotstraat, Antwerpen, Belgium	51.215447,4.4447065	283	['Carnotstraat', 'Turnhoutsebaan', 'N12 - Turnhoutsebaan', 'Statielei', None]
2025-11-29T02:58:17.344484	120 Carnotstraat, Antwerpen, Belgium	51.215447,4.4447065	299	['Carnotstraat', 'Turnhoutsebaan', 'N12 - Turnhoutsebaan', None, 'Helmstraat', 'Borsbeekstraat', 'Gijselsstraat']
2025-11-29T02:58:17.344484	120 Carnotstraat, Antwerpen, Belgium	51.215447,4.4447065	371	['Carnotstraat', 'Kerkstraat', 'Lovelingstraat', 'Schapenstraat', 'Kistemaeckersstraat', 'Vercammenstraat', 'Groeningerplein', 'Drossaardstraat', 'Borsbeekstraat', 'Gijselsstraat', None]
2025-11-29T03:28:45.318138	120 Carnotstraat, Antwerpen, Belgium	51.215447,4.4447065	274	['Carnotstraat', 'Turnhoutsebaan', 'N12 - Turnhoutsebaan', 'Statielei', None]
2025-11-29T03:28:45.318138	120 Carnotstraat, Antwerpen, Belgium	51.215447,4.4447065	319	['Carnotstraat', 'Turnhoutsebaan', 'N12 - Turnhoutsebaan', None, 'Helmstraat', 'Borsbeekstraat', 'Gijselsstraat']
2025-11-29T03:28:45.318138	120 Carnotstraat, Antwerpen, Belgium	51.215447,4.4447065	365	['Carnotstraat', 'Kerkstraat', 'Lovelingstraat', 'Schapenstraat', 'Kistemaeckersstraat', 'Vercammenstraat', 'Groeningerplein', 'Drossaardstraat', 'Borsbeekstraat', 'Gijselsstraat', None]
2025-11-29T03:49:29.409384	120 Carnotstraat, Antwerpen, Belgium	51.215447,4.4447065	276	['Carnotstraat', 'Turnhoutsebaan', 'N12 - Turnhoutsebaan', 'Statielei', None]
2025-11-29T03:49:29.409384	120 Carnotstraat, Antwerpen, Belgium	51.215447,4.4447065	316	['Carnotstraat', 'Turnhoutsebaan', 'N12 - Turnhoutsebaan', None, 'Helmstraat', 'Borsbeekstraat', 'Gijselsstraat']
2025-11-29T03:49:29.409384	120 Carnotstraat, Antwerpen, Belgium	51.215447,4.4447065	380	['Carnotstraat', 'Kerkstraat', 'Lovelingstraat', 'Schapenstraat', 'Kistemaeckersstraat', 'Vercammenstraat', 'Groeningerplein', 'Drossaardstraat', 'Borsbeekstraat', 'Gijselsstraat', None]
2025-11-29T04:00:18.485801	120 Carnotstraat, Antwerpen, Belgium	51.215447,4.4447065	250	['Carnotstraat', 'Turnhoutsebaan', 'N12 - Turnhoutsebaan', 'Statielei', None]
2025-11-29T04:00:18.485801	120 Carnotstraat, Antwerpen, Belgium	51.215447,4.4447065	287	['Carnotstraat', 'Turnhoutsebaan', 'N12 - Turnhoutsebaan', None, 'Helmstraat', 'Borsbeekstraat', 'Gijselsstraat']
2025-11-29T04:00:18.485801	120 Carnotstraat, Antwerpen, Belgium	51.215447,4.4447065	362	['Carnotstraat', 'Kerkstraat', 'Lovelingstraat', 'Schapenstraat', 'Kistemaeckersstraat', 'Vercammenstraat', 'Groeningerplein', 'Drossaardstraat', 'Borsbeekstraat', 'Gijselsstraat', None]
2025-11-29T04:12:54.256637	120 Carnotstraat, Antwerpen, Belgium	51.215447,4.4447065	264	['Carnotstraat', 'Turnhoutsebaan', 'N12 - Turnhoutsebaan', 'Statielei', None]
2025-11-29T04:12:54.256637	120 Carnotstraat, Antwerpen, Belgium	51.215447,4.4447065	315	['Carnotstraat', 'Turnhoutsebaan', 'N12 - Turnhoutsebaan', None, 'Helmstraat', 'Borsbeekstraat', 'Gijselsstraat']
2025-11-29T04:12:54.256637	120 Carnotstraat, Antwerpen, Belgium	51.215447,4.4447065	353	['Carnotstraat', 'Kerkstraat', 'Lovelingstraat', 'Schapenstraat', 'Kistemaeckersstraat', 'Vercammenstraat', 'Groeningerplein', 'Drossaardstraat', 'Borsbeekstraat', 'Gijselsstraat', None]
2025-11-29T04:28:33.757456	120 Carnotstraat, Antwerpen, Belgium	51.215447,4.4447065	285	['Carnotstraat', 'Turnhoutsebaan', 'N12 - Turnhoutsebaan', 'Statielei', None]
2025-11-29T04:28:33.757456	120 Carnotstraat, Antwerpen, Belgium	51.215447,4.4447065	306	['Carnotstraat', 'Turnhoutsebaan', 'N12 - Turnhoutsebaan', None, 'Helmstraat', 'Borsbeekstraat', 'Gijselsstraat']
2025-11-29T04:28:33.757456	120 Carnotstraat, Antwerpen, Belgium	51.215447,4.4447065	335	['Carnotstraat', 'Kerkstraat', 'Lovelingstraat', 'Schapenstraat', 'Kistemaeckersstraat', 'Vercammenstraat', 'Groeningerplein', 'Drossaardstraat', 'Borsbeekstraat', 'Gijselsstraat', None]
2025-11-29T04:41:09.479517	120 Carnotstraat, Antwerpen, Belgium	51.215447,4.4447065	283	['Carnotstraat', 'Turnhoutsebaan', 'N12 - Turnhoutsebaan', 'Statielei', None]
2025-11-29T04:41:09.479517	120 Carnotstraat, Antwerpen, Belgium	51.215447,4.4447065	310	['Carnotstraat', 'Turnhoutsebaan', 'N12 - Turnhoutsebaan', None, 'Helmstraat', 'Borsbeekstraat', 'Gijselsstraat']
2025-11-29T04:41:09.479517	120 Carnotstraat, Antwerpen, Belgium	51.215447,4.4447065	346	['Carnotstraat', 'Kerkstraat', 'Lovelingstraat', 'Schapenstraat', 'Kistemaeckersstraat', 'Vercammenstraat', 'Groeningerplein', 'Drossaardstraat', 'Borsbeekstraat', 'Gijselsstraat', None]
2025-11-29T04:51:03.137702	120 Carnotstraat, Antwerpen, Belgium	51.215447,4.4447065	285	['Carnotstraat', 'Turnhoutsebaan', 'N12 - Turnhoutsebaan', 'Statielei', None]
2025-11-29T04:51:03.137702	120 Carnotstraat, Antwerpen, Belgium	51.215447,4.4447065	297	['Carnotstraat', 'Turnhoutsebaan', 'N12 - Turnhoutsebaan', None, 'Helmstraat', 'Borsbeekstraat', 'Gijselsstraat']
2025-11-29T04:51:03.137702	120 Carnotstraat, Antwerpen, Belgium	51.215447,4.4447065	347	['Carnotstraat', 'Kerkstraat', 'Lovelingstraat', 'Schapenstraat', 'Kistemaeckersstraat', 'Vercammenstraat', 'Groeningerplein', 'Drossaardstraat', 'Borsbeekstraat', 'Gijselsstraat', None]
2025-11-29T04:58:59.968694	120 Carnotstraat, Antwerpen, Belgium	51.215447,4.4447065	277	['Carnotstraat', 'Turnhoutsebaan', 'N12 - Turnhoutsebaan', 'Statielei', None]
2025-11-29T04:58:59.968694	120 Carnotstraat, Antwerpen, Belgium	51.215447,4.4447065	305	['Carnotstraat', 'Turnhoutsebaan', 'N12 - Turnhoutsebaan', None, 'Helmstraat', 'Borsbeekstraat', 'Gijselsstraat']
2025-11-29T04:58:59.968694	120 Carnotstraat, Antwerpen, Belgium	51.215447,4.4447065	355	['Carnotstraat', 'Kerkstraat', 'Lovelingstraat', 'Schapenstraat', 'Kistemaeckersstraat', 'Vercammenstraat', 'Groeningerplein', 'Drossaardstraat', 'Borsbeekstraat', 'Gijselsstraat', None]
2025-11-29T05:10:30.853053	120 Carnotstraat, Antwerpen, Belgium	51.215447,4.4447065	263	['Carnotstraat', 'Turnhoutsebaan', 'N12 - Turnhoutsebaan', 'Statielei', None]
2025-11-29T05:10:30.853053	120 Carnotstraat, Antwerpen, Belgium	51.215447,4.4447065	288	['Carnotstraat', 'Turnhoutsebaan', 'N12 - Turnhoutsebaan', None, 'Helmstraat', 'Borsbeekstraat', 'Gijselsstraat']
2025-11-29T05:10:30.853053	120 Carnotstraat, Antwerpen, Belgium	51.215447,4.4447065	337	['Carnotstraat', 'Kerkstraat', 'Lovelingstraat', 'Schapenstraat', 'Kistemaeckersstraat', 'Vercammenstraat', 'Groeningerplein', 'Drossaardstraat', 'Borsbeekstraat', 'Gijselsstraat', None]
2025-11-29T05:24:53.726693	120 Carnotstraat, Antwerpen, Belgium	51.215447,4.4447065	290	['Carnotstraat', 'Turnhoutsebaan', 'N12 - Turnhoutsebaan', 'Statielei', None]
2025-11-29T05:24:53.726693	120 Carnotstraat, Antwerpen, Belgium	51.215447,4.4447065	310	['Carnotstraat', 'Turnhoutsebaan', 'N12 - Turnhoutsebaan', None, 'Helmstraat', 'Borsbeekstraat', 'Gijselsstraat']
2025-11-29T05:24:53.726693	120 Carnotstraat, Antwerpen, Belgium	51.215447,4.4447065	360	['Carnotstraat', 'Kerkstraat', 'Lovelingstraat', 'Schapenstraat', 'Kistemaeckersstraat', 'Vercammenstraat', 'Groeningerplein', 'Drossaardstraat', 'Borsbeekstraat', 'Gijselsstraat', None]
2025-11-29T05:37:05.179854	120 Carnotstraat, Antwerpen, Belgium	51.215447,4.4447065	296	['Carnotstraat', 'Turnhoutsebaan', 'N12 - Turnhoutsebaan', 'Statielei', None]
2025-11-29T05:37:05.179854	120 Carnotstraat, Antwerpen, Belgium	51.215447,4.4447065	309	['Carnotstraat', 'Turnhoutsebaan', 'N12 - Turnhoutsebaan', None, 'Helmstraat', 'Borsbeekstraat', 'Gijselsstraat']
2025-11-29T05:37:05.179854	120 Carnotstraat, Antwerpen, Belgium	51.215447,4.4447065	379	['Carnotstraat', 'Kerkstraat', 'Lovelingstraat', 'Schapenstraat', 'Kistemaeckersstraat', 'Vercammenstraat', 'Groeningerplein', 'Drossaardstraat', 'Borsbeekstraat', 'Gijselsstraat', None]
2025-11-29T05:46:27.902344	120 Carnotstraat, Antwerpen, Belgium	51.215447,4.4447065	310	['Carnotstraat', 'Turnhoutsebaan', 'N12 - Turnhoutsebaan', 'Statielei', None]
2025-11-29T05:46:27.902344	120 Carnotstraat, Antwerpen, Belgium	51.215447,4.4447065	315	['Carnotstraat', 'Turnhoutsebaan', 'N12 - Turnhoutsebaan', None, 'Helmstraat', 'Borsbeekstraat', 'Gijselsstraat']
2025-11-29T05:46:27.902344	120 Carnotstraat, Antwerpen, Belgium	51.215447,4.4447065	375	['Carnotstraat', 'Kerkstraat', 'Lovelingstraat', 'Schapenstraat', 'Kistemaeckersstraat', 'Vercammenstraat', 'Groeningerplein', 'Drossaardstraat', 'Borsbeekstraat', 'Gijselsstraat', None]
2025-11-29T05:55:06.991683	120 Carnotstraat, Antwerpen, Belgium	51.215447,4.4447065	324	['Carnotstraat', 'Turnhoutsebaan', 'N12 - Turnhoutsebaan', 'Statielei', None]
2025-11-29T05:55:06.991683	120 Carnotstraat, Antwerpen, Belgium	51.215447,4.4447065	315	['Carnotstraat', 'Turnhoutsebaan', 'N12 - Turnhoutsebaan', None, 'Helmstraat', 'Borsbeekstraat', 'Gijselsstraat']
2025-11-29T05:55:06.991683	120 Carnotstraat, Antwerpen, Belgium	51.215447,4.4447065	364	['Carnotstraat', 'Kerkstraat', 'Lovelingstraat', 'Schapenstraat', 'Kistemaeckersstraat', 'Vercammenstraat', 'Groeningerplein', 'Drossaardstraat', 'Borsbeekstraat', 'Gijselsstraat', None]
2025-11-29T06:08:25.323262	120 Carnotstraat, Antwerpen, Belgium	51.215447,4.4447065	303	['Carnotstraat', 'Turnhoutsebaan', 'N12 - Turnhoutsebaan', 'Statielei', None]
2025-11-29T06:08:25.323262	120 Carnotstraat, Antwerpen, Belgium	51.215447,4.4447065	318	['Carnotstraat', 'Turnhoutsebaan', 'N12 - Turnhoutsebaan', None, 'Helmstraat', 'Borsbeekstraat', 'Gijselsstraat']
2025-11-29T06:08:25.323262	120 Carnotstraat, Antwerpen, Belgium	51.215447,4.4447065	355	['Carnotstraat', 'Kerkstraat', 'Lovelingstraat', 'Schapenstraat', 'Kistemaeckersstraat', 'Vercammenstraat', 'Groeningerplein', 'Drossaardstraat', 'Borsbeekstraat', 'Gijselsstraat', None]
2025-11-29T06:23:35.017126	120 Carnotstraat, Antwerpen, Belgium	51.215447,4.4447065	362	['Carnotstraat', 'Turnhoutsebaan', 'N12 - Turnhoutsebaan', 'Statielei', None]
2025-11-29T06:23:35.017126	120 Carnotstraat, Antwerpen, Belgium	51.215447,4.4447065	355	['Carnotstraat', 'Turnhoutsebaan', 'N12 - Turnhoutsebaan', None, 'Helmstraat', 'Borsbeekstraat', 'Gijselsstraat']
2025-11-29T06:23:35.017126	120 Carnotstraat, Antwerpen, Belgium	51.215447,4.4447065	399	['Carnotstraat', 'Kerkstraat', 'Lovelingstraat', 'Schapenstraat', 'Kistemaeckersstraat', 'Vercammenstraat', 'Groeningerplein', 'Drossaardstraat', 'Borsbeekstraat', 'Gijselsstraat', None]
2025-11-29T06:41:15.087033	120 Carnotstraat, Antwerpen, Belgium	51.215447,4.4447065	291	['Carnotstraat', 'Turnhoutsebaan', 'N12 - Turnhoutsebaan', 'Statielei', None]
2025-11-29T06:41:15.087033	120 Carnotstraat, Antwerpen, Belgium	51.215447,4.4447065	341	['Carnotstraat', 'Kerkstraat', 'Lovelingstraat', 'Schapenstraat', 'Kistemaeckersstraat', 'Vercammenstraat', 'Groeningerplein', 'Drossaardstraat', 'Borsbeekstraat', 'Gijselsstraat', None]
2025-11-29T06:41:15.087033	120 Carnotstraat, Antwerpen, Belgium	51.215447,4.4447065	363	['Carnotstraat', 'Turnhoutsebaan', 'N12 - Turnhoutsebaan', None, 'Helmstraat', 'Borsbeekstraat', 'Gijselsstraat']
2025-11-29T06:53:17.777865	120 Carnotstraat, Antwerpen, Belgium	51.215447,4.4447065	311	['Carnotstraat', 'Turnhoutsebaan', 'N12 - Turnhoutsebaan', 'Statielei', None]
2025-11-29T06:53:17.777865	120 Carnotstraat, Antwerpen, Belgium	51.215447,4.4447065	312	['Carnotstraat', 'Turnhoutsebaan', 'N12 - Turnhoutsebaan', None, 'Helmstraat', 'Borsbeekstraat', 'Gijselsstraat']
2025-11-29T06:53:17.777865	120 Carnotstraat, Antwerpen, Belgium	51.215447,4.4447065	343	['Carnotstraat', 'Kerkstraat', 'Lovelingstraat', 'Schapenstraat', 'Kistemaeckersstraat', 'Vercammenstraat', 'Groeningerplein', 'Drossaardstraat', 'Borsbeekstraat', 'Gijselsstraat', None]
2025-11-29T07:02:49.581596	120 Carnotstraat, Antwerpen, Belgium	51.215447,4.4447065	305	['Carnotstraat', 'Turnhoutsebaan', 'N12 - Turnhoutsebaan', None, 'Helmstraat', 'Borsbeekstraat', 'Gijselsstraat']
2025-11-29T07:02:49.581596	120 Carnotstraat, Antwerpen, Belgium	51.215447,4.4447065	321	['Carnotstraat', 'Turnhoutsebaan', 'N12 - Turnhoutsebaan', 'Statielei', None]
2025-11-29T07:02:49.581596	120 Carnotstraat, Antwerpen, Belgium	51.215447,4.4447065	340	['Carnotstraat', 'Kerkstraat', 'Lovelingstraat', 'Schapenstraat', 'Kistemaeckersstraat', 'Vercammenstraat', 'Groeningerplein', 'Drossaardstraat', 'Borsbeekstraat', 'Gijselsstraat', None]
2025-11-29T07:15:06.389836	120 Carnotstraat, Antwerpen, Belgium	51.215447,4.4447065	333	['Carnotstraat', 'Turnhoutsebaan', 'N12 - Turnhoutsebaan', None, 'Helmstraat', 'Borsbeekstraat', 'Gijselsstraat']
2025-11-29T07:15:06.389836	120 Carnotstraat, Antwerpen, Belgium	51.215447,4.4447065	384	['Carnotstraat', 'Turnhoutsebaan', 'N12 - Turnhoutsebaan', 'Statielei', None]
2025-11-29T07:15:06.389836	120 Carnotstraat, Antwerpen, Belgium	51.215447,4.4447065	405	['Carnotstraat', 'Kerkstraat', 'Lovelingstraat', 'Schapenstraat', 'Kistemaeckersstraat', 'Vercammenstraat', 'Groeningerplein', 'Drossaardstraat', 'Borsbeekstraat', 'Gijselsstraat', None]
2025-11-29T07:27:23.697695	120 Carnotstraat, Antwerpen, Belgium	51.215447,4.4447065	371	['Carnotstraat', 'Turnhoutsebaan', 'N12 - Turnhoutsebaan', None, 'Helmstraat', 'Borsbeekstraat', 'Gijselsstraat']
2025-11-29T07:27:23.697695	120 Carnotstraat, Antwerpen, Belgium	51.215447,4.4447065	384	['Carnotstraat', 'Turnhoutsebaan', 'N12 - Turnhoutsebaan', 'Statielei', None]
2025-11-29T07:27:23.697695	120 Carnotstraat, Antwerpen, Belgium	51.215447,4.4447065	393	['Carnotstraat', 'Kerkstraat', 'Lovelingstraat', 'Schapenstraat', 'Kistemaeckersstraat', 'Vercammenstraat', 'Groeningerplein', 'Drossaardstraat', 'Borsbeekstraat', 'Gijselsstraat', None]
2025-11-29T07:36:49.837003	120 Carnotstraat, Antwerpen, Belgium	51.215447,4.4447065	354	['Carnotstraat', 'Turnhoutsebaan', 'N12 - Turnhoutsebaan', 'Statielei', None]
2025-11-29T07:36:49.837003	120 Carnotstraat, Antwerpen, Belgium	51.215447,4.4447065	352	['Carnotstraat', 'Turnhoutsebaan', 'N12 - Turnhoutsebaan', None, 'Helmstraat', 'Borsbeekstraat', 'Gijselsstraat']
2025-11-29T07:36:49.837003	120 Carnotstraat, Antwerpen, Belgium	51.215447,4.4447065	358	['Carnotstraat', 'Kerkstraat', 'Lovelingstraat', 'Schapenstraat', 'Kistemaeckersstraat', 'Vercammenstraat', 'Groeningerplein', 'Drossaardstraat', 'Borsbeekstraat', 'Gijselsstraat', None]
2025-11-29T07:44:53.634822	120 Carnotstraat, Antwerpen, Belgium	51.215447,4.4447065	320	['Carnotstraat', 'Turnhoutsebaan', 'N12 - Turnhoutsebaan', 'Statielei', None]
2025-11-29T07:44:53.634822	120 Carnotstraat, Antwerpen, Belgium	51.215447,4.4447065	317	['Carnotstraat', 'Turnhoutsebaan', 'N12 - Turnhoutsebaan', None, 'Helmstraat', 'Borsbeekstraat', 'Gijselsstraat']
2025-11-29T07:44:53.634822	120 Carnotstraat, Antwerpen, Belgium	51.215447,4.4447065	330	['Carnotstraat', 'Kerkstraat', 'Lovelingstraat', 'Schapenstraat', 'Kistemaeckersstraat', 'Vercammenstraat', 'Groeningerplein', 'Drossaardstraat', 'Borsbeekstraat', 'Gijselsstraat', None]
2025-11-29T07:53:32.894849	120 Carnotstraat, Antwerpen, Belgium	51.215447,4.4447065	308	['Carnotstraat', 'Turnhoutsebaan', 'N12 - Turnhoutsebaan', 'Statielei', None]
2025-11-29T07:53:32.894849	120 Carnotstraat, Antwerpen, Belgium	51.215447,4.4447065	326	['Carnotstraat', 'Turnhoutsebaan', 'N12 - Turnhoutsebaan', None, 'Helmstraat', 'Borsbeekstraat', 'Gijselsstraat']
2025-11-29T07:53:32.894849	120 Carnotstraat, Antwerpen, Belgium	51.215447,4.4447065	335	['Carnotstraat', 'Kerkstraat', 'Lovelingstraat', 'Schapenstraat', 'Kistemaeckersstraat', 'Vercammenstraat', 'Groeningerplein', 'Drossaardstraat', 'Borsbeekstraat', 'Gijselsstraat', None]
2025-11-29T08:03:57.857295	120 Carnotstraat, Antwerpen, Belgium	51.215447,4.4447065	329	['Carnotstraat', 'Turnhoutsebaan', 'N12 - Turnhoutsebaan', 'Statielei', None]
2025-11-29T08:03:57.857295	120 Carnotstraat, Antwerpen, Belgium	51.215447,4.4447065	337	['Carnotstraat', 'Turnhoutsebaan', 'N12 - Turnhoutsebaan', None, 'Helmstraat', 'Borsbeekstraat', 'Gijselsstraat']
2025-11-29T08:03:57.857295	120 Carnotstraat, Antwerpen, Belgium	51.215447,4.4447065	350	['Carnotstraat', 'Kerkstraat', 'Lovelingstraat', 'Schapenstraat', 'Kistemaeckersstraat', 'Vercammenstraat', 'Groeningerplein', 'Drossaardstraat', 'Borsbeekstraat', 'Gijselsstraat', None]
2025-11-29T08:17:31.083054	120 Carnotstraat, Antwerpen, Belgium	51.215447,4.4447065	341	['Carnotstraat', 'Turnhoutsebaan', 'N12 - Turnhoutsebaan', 'Statielei', None]
2025-11-29T08:17:31.083054	120 Carnotstraat, Antwerpen, Belgium	51.215447,4.4447065	333	['Carnotstraat', 'Turnhoutsebaan', 'N12 - Turnhoutsebaan', None, 'Helmstraat', 'Borsbeekstraat', 'Gijselsstraat']
2025-11-29T08:17:31.083054	120 Carnotstraat, Antwerpen, Belgium	51.215447,4.4447065	353	['Carnotstraat', 'Kerkstraat', 'Lovelingstraat', 'Schapenstraat', 'Kistemaeckersstraat', 'Vercammenstraat', 'Groeningerplein', 'Drossaardstraat', 'Borsbeekstraat', 'Gijselsstraat', None]
2025-11-29T08:34:39.607699	120 Carnotstraat, Antwerpen, Belgium	51.215447,4.4447065	346	['Carnotstraat', 'Turnhoutsebaan', 'N12 - Turnhoutsebaan', 'Statielei', None]
2025-11-29T08:34:39.607699	120 Carnotstraat, Antwerpen, Belgium	51.215447,4.4447065	336	['Carnotstraat', 'Turnhoutsebaan', 'N12 - Turnhoutsebaan', None, 'Helmstraat', 'Borsbeekstraat', 'Gijselsstraat']
2025-11-29T08:34:39.607699	120 Carnotstraat, Antwerpen, Belgium	51.215447,4.4447065	356	['Carnotstraat', 'Kerkstraat', 'Lovelingstraat', 'Schapenstraat', 'Kistemaeckersstraat', 'Vercammenstraat', 'Groeningerplein', 'Drossaardstraat', 'Borsbeekstraat', 'Gijselsstraat', None]
2025-11-29T08:46:59.792890	120 Carnotstraat, Antwerpen, Belgium	51.215447,4.4447065	322	['Carnotstraat', 'Turnhoutsebaan', 'N12 - Turnhoutsebaan', None, 'Helmstraat', 'Borsbeekstraat', 'Gijselsstraat']
2025-11-29T08:46:59.792890	120 Carnotstraat, Antwerpen, Belgium	51.215447,4.4447065	355	['Carnotstraat', 'Turnhoutsebaan', 'N12 - Turnhoutsebaan', 'Statielei', None]
2025-11-29T08:46:59.792890	120 Carnotstraat, Antwerpen, Belgium	51.215447,4.4447065	367	['Carnotstraat', 'Kerkstraat', 'Lovelingstraat', 'Schapenstraat', 'Kistemaeckersstraat', 'Vercammenstraat', 'Groeningerplein', 'Drossaardstraat', 'Borsbeekstraat', 'Gijselsstraat', None]
2025-11-29T08:56:03.028851	120 Carnotstraat, Antwerpen, Belgium	51.215447,4.4447065	333	['Carnotstraat', 'Turnhoutsebaan', 'N12 - Turnhoutsebaan', None, 'Helmstraat', 'Borsbeekstraat', 'Gijselsstraat']
2025-11-29T08:56:03.028851	120 Carnotstraat, Antwerpen, Belgium	51.215447,4.4447065	346	['Carnotstraat', 'Kerkstraat', 'Lovelingstraat', 'Schapenstraat', 'Kistemaeckersstraat', 'Vercammenstraat', 'Groeningerplein', 'Drossaardstraat', 'Borsbeekstraat', 'Gijselsstraat', None]
2025-11-29T08:56:03.028851	120 Carnotstraat, Antwerpen, Belgium	51.215447,4.4447065	347	['Carnotstraat', 'Turnhoutsebaan', 'N12 - Turnhoutsebaan', 'Statielei', None]
2025-11-29T09:08:10.903307	120 Carnotstraat, Antwerpen, Belgium	51.215447,4.4447065	346	['Carnotstraat', 'Turnhoutsebaan', 'N12 - Turnhoutsebaan', None, 'Helmstraat', 'Borsbeekstraat', 'Gijselsstraat']
2025-11-29T09:08:10.903307	120 Carnotstraat, Antwerpen, Belgium	51.215447,4.4447065	367	['Carnotstraat', 'Turnhoutsebaan', 'N12 - Turnhoutsebaan', 'Statielei', None]
2025-11-29T09:08:10.903307	120 Carnotstraat, Antwerpen, Belgium	51.215447,4.4447065	378	['Carnotstraat', 'Kerkstraat', 'Lovelingstraat', 'Schapenstraat', 'Kistemaeckersstraat', 'Vercammenstraat', 'Groeningerplein', 'Drossaardstraat', 'Borsbeekstraat', 'Gijselsstraat', None]
2025-11-29T09:21:44.567392	120 Carnotstraat, Antwerpen, Belgium	51.215447,4.4447065	332	['Carnotstraat', 'Turnhoutsebaan', 'N12 - Turnhoutsebaan', None, 'Helmstraat', 'Borsbeekstraat', 'Gijselsstraat']
2025-11-29T09:21:44.567392	120 Carnotstraat, Antwerpen, Belgium	51.215447,4.4447065	365	['Carnotstraat', 'Turnhoutsebaan', 'N12 - Turnhoutsebaan', 'Statielei', None]
2025-11-29T09:21:44.567392	120 Carnotstraat, Antwerpen, Belgium	51.215447,4.4447065	370	['Carnotstraat', 'Kerkstraat', 'Lovelingstraat', 'Schapenstraat', 'Kistemaeckersstraat', 'Vercammenstraat', 'Groeningerplein', 'Drossaardstraat', 'Borsbeekstraat', 'Gijselsstraat', None]
2025-11-29T09:32:40.397479	120 Carnotstraat, Antwerpen, Belgium	51.215447,4.4447065	349	['Carnotstraat', 'Turnhoutsebaan', 'N12 - Turnhoutsebaan', None, 'Helmstraat', 'Borsbeekstraat', 'Gijselsstraat']
2025-11-29T09:32:40.397479	120 Carnotstraat, Antwerpen, Belgium	51.215447,4.4447065	373	['Carnotstraat', 'Kerkstraat', 'Lovelingstraat', 'Schapenstraat', 'Kistemaeckersstraat', 'Vercammenstraat', 'Groeningerplein', 'Drossaardstraat', 'Borsbeekstraat', 'Gijselsstraat', None]
2025-11-29T09:32:40.397479	120 Carnotstraat, Antwerpen, Belgium	51.215447,4.4447065	387	['Carnotstraat', 'Turnhoutsebaan', 'N12 - Turnhoutsebaan', 'Statielei', None]
2025-11-29T09:42:33.028554	120 Carnotstraat, Antwerpen, Belgium	51.215447,4.4447065	332	['Carnotstraat', 'Turnhoutsebaan', 'N12 - Turnhoutsebaan', None, 'Helmstraat', 'Borsbeekstraat', 'Gijselsstraat']
2025-11-29T09:42:33.028554	120 Carnotstraat, Antwerpen, Belgium	51.215447,4.4447065	357	['Carnotstraat', 'Kerkstraat', 'Lovelingstraat', 'Schapenstraat', 'Kistemaeckersstraat', 'Vercammenstraat', 'Groeningerplein', 'Drossaardstraat', 'Borsbeekstraat', 'Gijselsstraat', None]
2025-11-29T09:42:33.028554	120 Carnotstraat, Antwerpen, Belgium	51.215447,4.4447065	406	['Carnotstraat', 'Turnhoutsebaan', 'N12 - Turnhoutsebaan', 'Statielei', None]
2025-11-29T09:51:16.317172	120 Carnotstraat, Antwerpen, Belgium	51.215447,4.4447065	338	['Carnotstraat', 'Turnhoutsebaan', 'N12 - Turnhoutsebaan', None, 'Helmstraat', 'Borsbeekstraat', 'Gijselsstraat']
2025-11-29T09:51:16.317172	120 Carnotstraat, Antwerpen, Belgium	51.215447,4.4447065	362	['Carnotstraat', 'Kerkstraat', 'Lovelingstraat', 'Schapenstraat', 'Kistemaeckersstraat', 'Vercammenstraat', 'Groeningerplein', 'Drossaardstraat', 'Borsbeekstraat', 'Gijselsstraat', None]
2025-11-29T09:51:16.317172	120 Carnotstraat, Antwerpen, Belgium	51.215447,4.4447065	373	['Carnotstraat', 'Turnhoutsebaan', 'N12 - Turnhoutsebaan', 'Statielei', None]
2025-11-29T09:59:55.947392	120 Carnotstraat, Antwerpen, Belgium	51.215447,4.4447065	333	['Carnotstraat', 'Turnhoutsebaan', 'N12 - Turnhoutsebaan', None, 'Helmstraat', 'Borsbeekstraat', 'Gijselsstraat']
2025-11-29T09:59:55.947392	120 Carnotstraat, Antwerpen, Belgium	51.215447,4.4447065	387	['Carnotstraat', 'Turnhoutsebaan', 'N12 - Turnhoutsebaan', 'Statielei', None]
2025-11-29T09:59:55.947392	120 Carnotstraat, Antwerpen, Belgium	51.215447,4.4447065	426	['Carnotstraat', 'Kerkstraat', 'Lovelingstraat', 'Schapenstraat', 'Kistemaeckersstraat', 'Vercammenstraat', 'Groeningerplein', 'Drossaardstraat', 'Borsbeekstraat', 'Gijselsstraat', None]
2025-11-29T10:11:40.365022	120 Carnotstraat, Antwerpen, Belgium	51.215447,4.4447065	342	['Carnotstraat', 'Turnhoutsebaan', 'N12 - Turnhoutsebaan', None, 'Helmstraat', 'Borsbeekstraat', 'Gijselsstraat']
2025-11-29T10:11:40.365022	120 Carnotstraat, Antwerpen, Belgium	51.215447,4.4447065	363	['Carnotstraat', 'Turnhoutsebaan', 'N12 - Turnhoutsebaan', 'Statielei', None]
2025-11-29T10:11:40.365022	120 Carnotstraat, Antwerpen, Belgium	51.215447,4.4447065	393	['Carnotstraat', 'Kerkstraat', 'Lovelingstraat', 'Schapenstraat', 'Kistemaeckersstraat', 'Vercammenstraat', 'Groeningerplein', 'Drossaardstraat', 'Borsbeekstraat', 'Gijselsstraat', None]
2025-11-29T10:26:15.950955	120 Carnotstraat, Antwerpen, Belgium	51.215447,4.4447065	334	['Carnotstraat', 'Turnhoutsebaan', 'N12 - Turnhoutsebaan', None, 'Helmstraat', 'Borsbeekstraat', 'Gijselsstraat']
2025-11-29T10:26:15.950955	120 Carnotstraat, Antwerpen, Belgium	51.215447,4.4447065	406	['Carnotstraat', 'Turnhoutsebaan', 'N12 - Turnhoutsebaan', 'Statielei', None]
2025-11-29T10:26:15.950955	120 Carnotstraat, Antwerpen, Belgium	51.215447,4.4447065	409	['Carnotstraat', 'Kerkstraat', 'Lovelingstraat', 'Schapenstraat', 'Kistemaeckersstraat', 'Vercammenstraat', 'Groeningerplein', 'Drossaardstraat', 'Borsbeekstraat', 'Gijselsstraat', None]
2025-11-29T10:38:36.580712	120 Carnotstraat, Antwerpen, Belgium	51.215447,4.4447065	316	['Carnotstraat', 'Turnhoutsebaan', 'N12 - Turnhoutsebaan', None, 'Helmstraat', 'Borsbeekstraat', 'Gijselsstraat']
2025-11-29T10:38:36.580712	120 Carnotstraat, Antwerpen, Belgium	51.215447,4.4447065	351	['Carnotstraat', 'Kerkstraat', 'Lovelingstraat', 'Schapenstraat', 'Kistemaeckersstraat', 'Vercammenstraat', 'Groeningerplein', 'Drossaardstraat', 'Borsbeekstraat', 'Gijselsstraat', None]
2025-11-29T10:38:36.580712	120 Carnotstraat, Antwerpen, Belgium	51.215447,4.4447065	384	['Carnotstraat', 'Turnhoutsebaan', 'N12 - Turnhoutsebaan', 'Statielei', None]
2025-11-29T10:47:38.609167	120 Carnotstraat, Antwerpen, Belgium	51.215447,4.4447065	337	['Carnotstraat', 'Turnhoutsebaan', 'N12 - Turnhoutsebaan', None, 'Helmstraat', 'Borsbeekstraat', 'Gijselsstraat']
2025-11-29T10:47:38.609167	120 Carnotstraat, Antwerpen, Belgium	51.215447,4.4447065	367	['Carnotstraat', 'Kerkstraat', 'Lovelingstraat', 'Schapenstraat', 'Kistemaeckersstraat', 'Vercammenstraat', 'Groeningerplein', 'Drossaardstraat', 'Borsbeekstraat', 'Gijselsstraat', None]
2025-11-29T10:47:38.609167	120 Carnotstraat, Antwerpen, Belgium	51.215447,4.4447065	394	['Carnotstraat', 'Turnhoutsebaan', 'N12 - Turnhoutsebaan', 'Statielei', None]
2025-11-29T10:56:20.578867	120 Carnotstraat, Antwerpen, Belgium	51.215447,4.4447065	352	['Carnotstraat', 'Turnhoutsebaan', 'N12 - Turnhoutsebaan', None, 'Helmstraat', 'Borsbeekstraat', 'Gijselsstraat']
2025-11-29T10:56:20.578867	120 Carnotstraat, Antwerpen, Belgium	51.215447,4.4447065	372	['Carnotstraat', 'Kerkstraat', 'Lovelingstraat', 'Schapenstraat', 'Kistemaeckersstraat', 'Vercammenstraat', 'Groeningerplein', 'Drossaardstraat', 'Borsbeekstraat', 'Gijselsstraat', None]
2025-11-29T10:56:20.578867	120 Carnotstraat, Antwerpen, Belgium	51.215447,4.4447065	398	['Carnotstraat', 'Turnhoutsebaan', 'N12 - Turnhoutsebaan', 'Statielei', None]
2025-11-29T11:07:33.787044	120 Carnotstraat, Antwerpen, Belgium	51.215447,4.4447065	347	['Carnotstraat', 'Turnhoutsebaan', 'N12 - Turnhoutsebaan', None, 'Helmstraat', 'Borsbeekstraat', 'Gijselsstraat']
2025-11-29T11:07:33.787044	120 Carnotstraat, Antwerpen, Belgium	51.215447,4.4447065	368	['Carnotstraat', 'Kerkstraat', 'Lovelingstraat', 'Schapenstraat', 'Kistemaeckersstraat', 'Vercammenstraat', 'Groeningerplein', 'Drossaardstraat', 'Borsbeekstraat', 'Gijselsstraat', None]
2025-11-29T11:07:33.787044	120 Carnotstraat, Antwerpen, Belgium	51.215447,4.4447065	400	['Carnotstraat', 'Turnhoutsebaan', 'N12 - Turnhoutsebaan', 'Statielei', None]
2025-11-29T11:20:13.316954	120 Carnotstraat, Antwerpen, Belgium	51.215447,4.4447065	352	['Carnotstraat', 'Turnhoutsebaan', 'N12 - Turnhoutsebaan', None, 'Helmstraat', 'Borsbeekstraat', 'Gijselsstraat']
2025-11-29T11:20:13.316954	120 Carnotstraat, Antwerpen, Belgium	51.215447,4.4447065	384	['Carnotstraat', 'Kerkstraat', 'Lovelingstraat', 'Schapenstraat', 'Kistemaeckersstraat', 'Vercammenstraat', 'Groeningerplein', 'Drossaardstraat', 'Borsbeekstraat', 'Gijselsstraat', None]
2025-11-29T11:20:13.316954	120 Carnotstraat, Antwerpen, Belgium	51.215447,4.4447065	401	['Carnotstraat', 'Turnhoutsebaan', 'N12 - Turnhoutsebaan', 'Statielei', None]
2025-11-29T11:29:27.290882	120 Carnotstraat, Antwerpen, Belgium	51.215447,4.4447065	362	['Carnotstraat', 'Turnhoutsebaan', 'N12 - Turnhoutsebaan', None, 'Helmstraat', 'Borsbeekstraat', 'Gijselsstraat']
2025-11-29T11:29:27.290882	120 Carnotstraat, Antwerpen, Belgium	51.215447,4.4447065	403	['Carnotstraat', 'Kerkstraat', 'Lovelingstraat', 'Schapenstraat', 'Kistemaeckersstraat', 'Vercammenstraat', 'Groeningerplein', 'Drossaardstraat', 'Borsbeekstraat', 'Gijselsstraat', None]
2025-11-29T11:29:27.290882	120 Carnotstraat, Antwerpen, Belgium	51.215447,4.4447065	419	['Carnotstraat', 'Turnhoutsebaan', 'N12 - Turnhoutsebaan', 'Statielei', None]
2025-11-29T11:38:45.168438	120 Carnotstraat, Antwerpen, Belgium	51.215447,4.4447065	364	['Carnotstraat', 'Turnhoutsebaan', 'N12 - Turnhoutsebaan', None, 'Helmstraat', 'Borsbeekstraat', 'Gijselsstraat']
2025-11-29T11:38:45.168438	120 Carnotstraat, Antwerpen, Belgium	51.215447,4.4447065	405	['Carnotstraat', 'Turnhoutsebaan', 'N12 - Turnhoutsebaan', 'Statielei', None]
2025-11-29T11:38:45.168438	120 Carnotstraat, Antwerpen, Belgium	51.215447,4.4447065	405	['Carnotstraat', 'Kerkstraat', 'Lovelingstraat', 'Schapenstraat', 'Kistemaeckersstraat', 'Vercammenstraat', 'Groeningerplein', 'Drossaardstraat', 'Borsbeekstraat', 'Gijselsstraat', None]
2025-11-29T11:47:29.595635	120 Carnotstraat, Antwerpen, Belgium	51.215447,4.4447065	376	['Carnotstraat', 'Turnhoutsebaan', 'N12 - Turnhoutsebaan', None, 'Helmstraat', 'Borsbeekstraat', 'Gijselsstraat']
2025-11-29T11:47:29.595635	120 Carnotstraat, Antwerpen, Belgium	51.215447,4.4447065	421	['Carnotstraat', 'Kerkstraat', 'Lovelingstraat', 'Schapenstraat', 'Kistemaeckersstraat', 'Vercammenstraat', 'Groeningerplein', 'Drossaardstraat', 'Borsbeekstraat', 'Gijselsstraat', None]
2025-11-29T11:47:29.595635	120 Carnotstraat, Antwerpen, Belgium	51.215447,4.4447065	459	['Carnotstraat', 'Turnhoutsebaan', 'N12 - Turnhoutsebaan', 'Statielei', None]
2025-11-29T11:55:35.720563	120 Carnotstraat, Antwerpen, Belgium	51.215447,4.4447065	424	['Carnotstraat', 'Turnhoutsebaan', 'N12 - Turnhoutsebaan', None, 'Helmstraat', 'Borsbeekstraat', 'Gijselsstraat']
2025-11-29T11:55:35.720563	120 Carnotstraat, Antwerpen, Belgium	51.215447,4.4447065	454	['Carnotstraat', 'Turnhoutsebaan', 'N12 - Turnhoutsebaan', 'Statielei', None]
2025-11-29T11:55:35.720563	120 Carnotstraat, Antwerpen, Belgium	51.215447,4.4447065	468	['Carnotstraat', 'Kerkstraat', 'Lovelingstraat', 'Schapenstraat', 'Kistemaeckersstraat', 'Vercammenstraat', 'Groeningerplein', 'Drossaardstraat', 'Borsbeekstraat', 'Gijselsstraat', None]
2025-11-29T12:11:13.435853	120 Carnotstraat, Antwerpen, Belgium	51.215447,4.4447065	401	['Carnotstraat', 'Turnhoutsebaan', 'N12 - Turnhoutsebaan', None, 'Helmstraat', 'Borsbeekstraat', 'Gijselsstraat']
2025-11-29T12:11:13.435853	120 Carnotstraat, Antwerpen, Belgium	51.215447,4.4447065	435	['Carnotstraat', 'Kerkstraat', 'Lovelingstraat', 'Schapenstraat', 'Kistemaeckersstraat', 'Vercammenstraat', 'Groeningerplein', 'Drossaardstraat', 'Borsbeekstraat', 'Gijselsstraat', None]
2025-11-29T12:11:13.435853	120 Carnotstraat, Antwerpen, Belgium	51.215447,4.4447065	469	['Carnotstraat', 'Turnhoutsebaan', 'N12 - Turnhoutsebaan', 'Statielei', None]
2025-11-29T12:28:10.321129	120 Carnotstraat, Antwerpen, Belgium	51.215447,4.4447065	390	['Carnotstraat', 'Turnhoutsebaan', 'N12 - Turnhoutsebaan', None, 'Helmstraat', 'Borsbeekstraat', 'Gijselsstraat']
2025-11-29T12:28:10.321129	120 Carnotstraat, Antwerpen, Belgium	51.215447,4.4447065	452	['Carnotstraat', 'Kerkstraat', 'Lovelingstraat', 'Schapenstraat', 'Kistemaeckersstraat', 'Vercammenstraat', 'Groeningerplein', 'Drossaardstraat', 'Borsbeekstraat', 'Gijselsstraat', None]
2025-11-29T12:28:10.321129	120 Carnotstraat, Antwerpen, Belgium	51.215447,4.4447065	486	['Carnotstraat', 'Turnhoutsebaan', 'N12 - Turnhoutsebaan', 'Statielei', None]
2025-11-29T12:51:11.392451	120 Carnotstraat, Antwerpen, Belgium	51.215447,4.4447065	462	['Carnotstraat', 'Turnhoutsebaan', 'N12 - Turnhoutsebaan', 'Statielei', None]
2025-11-29T12:51:11.392451	120 Carnotstraat, Antwerpen, Belgium	51.215447,4.4447065	523	['Carnotstraat', 'Turnhoutsebaan', 'N12 - Turnhoutsebaan', None, 'Helmstraat', 'Generaal Eisenhowerlei', 'Kattenberg', 'Bothastraat', 'Statielei']
2025-11-29T12:51:11.392451	120 Carnotstraat, Antwerpen, Belgium	51.215447,4.4447065	662	['Carnotstraat', 'Kerkstraat', 'Lovelingstraat', 'Schapenstraat', 'Kistemaeckersstraat', 'Vercammenstraat', 'Groeningerplein', 'Drossaardstraat', 'Borsbeekstraat', 'Gijselsstraat', None]
2025-11-29T13:06:35.571629	120 Carnotstraat, Antwerpen, Belgium	51.215447,4.4447065	449	['Carnotstraat', 'Turnhoutsebaan', 'N12 - Turnhoutsebaan', 'Statielei', None]
2025-11-29T13:06:35.571629	120 Carnotstraat, Antwerpen, Belgium	51.215447,4.4447065	515	['Carnotstraat', 'Turnhoutsebaan', 'N12 - Turnhoutsebaan', None, 'Helmstraat', 'Generaal Eisenhowerlei', 'Kattenberg', 'Bothastraat', 'Statielei']
2025-11-29T13:06:35.571629	120 Carnotstraat, Antwerpen, Belgium	51.215447,4.4447065	592	['Carnotstraat', 'Kerkstraat', 'Lovelingstraat', 'Schapenstraat', 'Kistemaeckersstraat', 'Vercammenstraat', 'Groeningerplein', 'Drossaardstraat', 'Borsbeekstraat', 'Gijselsstraat', None]
2025-11-29T13:21:17.306490	120 Carnotstraat, Antwerpen, Belgium	51.215447,4.4447065	400	['Carnotstraat', 'Turnhoutsebaan', 'N12 - Turnhoutsebaan', 'Statielei', None, 'Helmstraat', 'Borsbeekstraat', 'Terlostraat', 'Florastraat']
2025-11-29T13:21:17.306490	120 Carnotstraat, Antwerpen, Belgium	51.215447,4.4447065	504	['Carnotstraat', 'Turnhoutsebaan', 'N12 - Turnhoutsebaan', 'Statielei', None]
2025-11-29T13:21:17.306490	120 Carnotstraat, Antwerpen, Belgium	51.215447,4.4447065	576	['Carnotstraat', 'Kerkstraat', 'Lovelingstraat', 'Schapenstraat', 'Kistemaeckersstraat', 'Vercammenstraat', 'Groeningerplein', 'Drossaardstraat', 'Borsbeekstraat', 'Gijselsstraat', None]
2025-11-29T13:35:32.303469	120 Carnotstraat, Antwerpen, Belgium	51.215447,4.4447065	463	['Carnotstraat', 'Turnhoutsebaan', 'N12 - Turnhoutsebaan', 'Statielei', None]
2025-11-29T13:35:32.303469	120 Carnotstraat, Antwerpen, Belgium	51.215447,4.4447065	507	['Carnotstraat', 'Turnhoutsebaan', 'N12 - Turnhoutsebaan', None, 'Helmstraat', 'Borsbeekstraat', 'Gijselsstraat']
2025-11-29T13:35:32.303469	120 Carnotstraat, Antwerpen, Belgium	51.215447,4.4447065	549	['Carnotstraat', 'Kerkstraat', 'Lovelingstraat', 'Schapenstraat', 'Kistemaeckersstraat', 'Vercammenstraat', 'Groeningerplein', 'Drossaardstraat', 'Borsbeekstraat', 'Gijselsstraat', None]
2025-11-29T13:45:11.420825	120 Carnotstraat, Antwerpen, Belgium	51.215447,4.4447065	422	['Carnotstraat', 'Turnhoutsebaan', 'N12 - Turnhoutsebaan', None, 'Helmstraat', 'Borsbeekstraat', 'Gijselsstraat']
2025-11-29T13:45:11.420825	120 Carnotstraat, Antwerpen, Belgium	51.215447,4.4447065	453	['Carnotstraat', 'Kerkstraat', 'Lovelingstraat', 'Schapenstraat', 'Kistemaeckersstraat', 'Vercammenstraat', 'Groeningerplein', 'Drossaardstraat', 'Borsbeekstraat', 'Gijselsstraat', None]
2025-11-29T13:45:11.420825	120 Carnotstraat, Antwerpen, Belgium	51.215447,4.4447065	480	['Carnotstraat', 'Turnhoutsebaan', 'N12 - Turnhoutsebaan', 'Statielei', None]
2025-11-29T13:53:53.796110	120 Carnotstraat, Antwerpen, Belgium	51.215447,4.4447065	389	['Carnotstraat', 'Turnhoutsebaan', 'N12 - Turnhoutsebaan', None, 'Helmstraat', 'Borsbeekstraat', 'Gijselsstraat']
2025-11-29T13:53:53.796110	120 Carnotstraat, Antwerpen, Belgium	51.215447,4.4447065	414	['Carnotstraat', 'Kerkstraat', 'Lovelingstraat', 'Schapenstraat', 'Kistemaeckersstraat', 'Vercammenstraat', 'Groeningerplein', 'Drossaardstraat', 'Borsbeekstraat', 'Gijselsstraat', None]
2025-11-29T13:53:53.796110	120 Carnotstraat, Antwerpen, Belgium	51.215447,4.4447065	482	['Carnotstraat', 'Turnhoutsebaan', 'N12 - Turnhoutsebaan', 'Statielei', None]
2025-11-29T14:03:44.171668	120 Carnotstraat, Antwerpen, Belgium	51.215447,4.4447065	391	['Carnotstraat', 'Turnhoutsebaan', 'N12 - Turnhoutsebaan', None, 'Helmstraat', 'Borsbeekstraat', 'Gijselsstraat']
2025-11-29T14:03:44.171668	120 Carnotstraat, Antwerpen, Belgium	51.215447,4.4447065	432	['Carnotstraat', 'Kerkstraat', 'Lovelingstraat', 'Schapenstraat', 'Kistemaeckersstraat', 'Vercammenstraat', 'Groeningerplein', 'Drossaardstraat', 'Borsbeekstraat', 'Gijselsstraat', None]
2025-11-29T14:03:44.171668	120 Carnotstraat, Antwerpen, Belgium	51.215447,4.4447065	486	['Carnotstraat', 'Turnhoutsebaan', 'N12 - Turnhoutsebaan', 'Statielei', None]
2025-11-29T14:16:03.054999	120 Carnotstraat, Antwerpen, Belgium	51.215447,4.4447065	388	['Carnotstraat', 'Turnhoutsebaan', 'N12 - Turnhoutsebaan', 'Statielei', None, 'Helmstraat', 'Borsbeekstraat', 'Terlostraat', 'Florastraat']
2025-11-29T14:16:03.054999	120 Carnotstraat, Antwerpen, Belgium	51.215447,4.4447065	505	['Carnotstraat', 'Turnhoutsebaan', 'N12 - Turnhoutsebaan', 'Statielei', None]
2025-11-29T14:16:03.054999	120 Carnotstraat, Antwerpen, Belgium	51.215447,4.4447065	603	['Carnotstraat', 'Kerkstraat', 'Lovelingstraat', 'Schapenstraat', 'Kistemaeckersstraat', 'Vercammenstraat', 'Groeningerplein', 'Drossaardstraat', 'Borsbeekstraat', 'Gijselsstraat', None]
2025-11-29T14:29:26.969693	120 Carnotstraat, Antwerpen, Belgium	51.215447,4.4447065	475	['Carnotstraat', 'Turnhoutsebaan', 'N12 - Turnhoutsebaan', 'Statielei', None]
2025-11-29T14:29:26.969693	120 Carnotstraat, Antwerpen, Belgium	51.215447,4.4447065	547	['Carnotstraat', 'Kerkstraat', 'Lovelingstraat', 'Schapenstraat', 'Kistemaeckersstraat', 'Vercammenstraat', 'Groeningerplein', 'Drossaardstraat', 'Borsbeekstraat', 'Gijselsstraat', None]
2025-11-29T14:29:26.969693	120 Carnotstraat, Antwerpen, Belgium	51.215447,4.4447065	562	['Carnotstraat', 'Turnhoutsebaan', 'N12 - Turnhoutsebaan', None, 'Helmstraat', 'Generaal Eisenhowerlei', 'Kattenberg', 'Bothastraat', 'Statielei']
2025-11-29T14:39:39.648779	120 Carnotstraat, Antwerpen, Belgium	51.215447,4.4447065	376	['Carnotstraat', 'Turnhoutsebaan', 'N12 - Turnhoutsebaan', 'Statielei', None, 'Helmstraat', 'Borsbeekstraat', 'Terlostraat', 'Florastraat']
2025-11-29T14:39:39.648779	120 Carnotstraat, Antwerpen, Belgium	51.215447,4.4447065	469	['Carnotstraat', 'Turnhoutsebaan', 'N12 - Turnhoutsebaan', 'Statielei', None]
2025-11-29T14:39:39.648779	120 Carnotstraat, Antwerpen, Belgium	51.215447,4.4447065	530	['Carnotstraat', 'Kerkstraat', 'Lovelingstraat', 'Schapenstraat', 'Kistemaeckersstraat', 'Vercammenstraat', 'Groeningerplein', 'Drossaardstraat', 'Borsbeekstraat', 'Gijselsstraat', None]
2025-11-29T14:48:15.249520	120 Carnotstraat, Antwerpen, Belgium	51.215447,4.4447065	390	['Carnotstraat', 'Turnhoutsebaan', 'N12 - Turnhoutsebaan', 'Statielei', None, 'Helmstraat', 'Borsbeekstraat', 'Terlostraat', 'Florastraat']
2025-11-29T14:48:15.249520	120 Carnotstraat, Antwerpen, Belgium	51.215447,4.4447065	452	['Carnotstraat', 'Kerkstraat', 'Lovelingstraat', 'Schapenstraat', 'Kistemaeckersstraat', 'Vercammenstraat', 'Groeningerplein', 'Drossaardstraat', 'Borsbeekstraat', 'Gijselsstraat', None]
2025-11-29T14:48:15.249520	120 Carnotstraat, Antwerpen, Belgium	51.215447,4.4447065	492	['Carnotstraat', 'Turnhoutsebaan', 'N12 - Turnhoutsebaan', 'Statielei', None]
2025-11-29T14:56:59.080858	120 Carnotstraat, Antwerpen, Belgium	51.215447,4.4447065	388	['Carnotstraat', 'Turnhoutsebaan', 'N12 - Turnhoutsebaan', None, 'Helmstraat', 'Borsbeekstraat', 'Gijselsstraat']
2025-11-29T14:56:59.080858	120 Carnotstraat, Antwerpen, Belgium	51.215447,4.4447065	441	['Carnotstraat', 'Kerkstraat', 'Lovelingstraat', 'Schapenstraat', 'Kistemaeckersstraat', 'Vercammenstraat', 'Groeningerplein', 'Drossaardstraat', 'Borsbeekstraat', 'Gijselsstraat', None]
2025-11-29T14:56:59.080858	120 Carnotstraat, Antwerpen, Belgium	51.215447,4.4447065	529	['Carnotstraat', 'Turnhoutsebaan', 'N12 - Turnhoutsebaan', 'Statielei', None]
2025-11-29T15:08:05.362103	120 Carnotstraat, Antwerpen, Belgium	51.215447,4.4447065	405	['Carnotstraat', 'Turnhoutsebaan', 'N12 - Turnhoutsebaan', None, 'Helmstraat', 'Borsbeekstraat', 'Gijselsstraat']
2025-11-29T15:08:05.362103	120 Carnotstraat, Antwerpen, Belgium	51.215447,4.4447065	438	['Carnotstraat', 'Kerkstraat', 'Lovelingstraat', 'Schapenstraat', 'Kistemaeckersstraat', 'Vercammenstraat', 'Groeningerplein', 'Drossaardstraat', 'Borsbeekstraat', 'Gijselsstraat', None]
2025-11-29T15:08:05.362103	120 Carnotstraat, Antwerpen, Belgium	51.215447,4.4447065	514	['Carnotstraat', 'Turnhoutsebaan', 'N12 - Turnhoutsebaan', 'Statielei', None]
2025-11-29T15:21:30.690583	120 Carnotstraat, Antwerpen, Belgium	51.215447,4.4447065	412	['Carnotstraat', 'Turnhoutsebaan', 'N12 - Turnhoutsebaan', 'Statielei', None, 'Helmstraat', 'Borsbeekstraat', 'Terlostraat', 'Florastraat']
2025-11-29T15:21:30.690583	120 Carnotstraat, Antwerpen, Belgium	51.215447,4.4447065	534	['Carnotstraat', 'Turnhoutsebaan', 'N12 - Turnhoutsebaan', 'Statielei', None]
2025-11-29T15:21:30.690583	120 Carnotstraat, Antwerpen, Belgium	51.215447,4.4447065	717	['Carnotstraat', 'Kerkstraat', 'Lovelingstraat', 'Schapenstraat', 'Kistemaeckersstraat', 'Vercammenstraat', 'Groeningerplein', 'Drossaardstraat', 'Borsbeekstraat', 'Gijselsstraat', None]
2025-11-29T15:32:18.867500	120 Carnotstraat, Antwerpen, Belgium	51.215447,4.4447065	556	['Carnotstraat', 'Turnhoutsebaan', 'N12 - Turnhoutsebaan', 'Statielei', None]
2025-11-29T15:32:18.867500	120 Carnotstraat, Antwerpen, Belgium	51.215447,4.4447065	584	['Carnotstraat', 'Turnhoutsebaan', 'N12 - Turnhoutsebaan', None, 'Helmstraat', 'Generaal Eisenhowerlei', 'Kattenberg', 'Bothastraat', 'Statielei']
2025-11-29T15:32:18.867500	120 Carnotstraat, Antwerpen, Belgium	51.215447,4.4447065	671	['Carnotstraat', 'Kerkstraat', 'Lovelingstraat', 'Schapenstraat', 'Kistemaeckersstraat', 'Vercammenstraat', 'Groeningerplein', 'Drossaardstraat', 'Borsbeekstraat', 'Gijselsstraat', None]
2025-11-29T15:41:55.956927	120 Carnotstraat, Antwerpen, Belgium	51.215447,4.4447065	431	['Carnotstraat', 'Turnhoutsebaan', 'N12 - Turnhoutsebaan', 'Statielei', None, 'Helmstraat', 'Borsbeekstraat', 'Terlostraat', 'Florastraat']
2025-11-29T15:41:55.956927	120 Carnotstraat, Antwerpen, Belgium	51.215447,4.4447065	621	['Carnotstraat', 'Kerkstraat', 'Lovelingstraat', 'Schapenstraat', 'Kistemaeckersstraat', 'Vercammenstraat', 'Groeningerplein', 'Drossaardstraat', 'Borsbeekstraat', 'Gijselsstraat', None]
2025-11-29T15:41:55.956927	120 Carnotstraat, Antwerpen, Belgium	51.215447,4.4447065	624	['Carnotstraat', 'Turnhoutsebaan', 'N12 - Turnhoutsebaan', 'Statielei', None]
2025-11-29T15:50:35.255353	120 Carnotstraat, Antwerpen, Belgium	51.215447,4.4447065	433	['Carnotstraat', 'Kerkstraat', 'Lovelingstraat', 'Groenstraat', 'Helmstraat', 'Borsbeekstraat', 'Terlostraat', 'Florastraat', 'Statielei', None]
2025-11-29T15:50:35.255353	120 Carnotstraat, Antwerpen, Belgium	51.215447,4.4447065	659	['Carnotstraat', 'Kerkstraat', 'Lovelingstraat', 'Schapenstraat', 'Kistemaeckersstraat', 'Vercammenstraat', 'Groeningerplein', 'Drossaardstraat', 'Borsbeekstraat', 'Gijselsstraat', None]
2025-11-29T15:50:35.255353	120 Carnotstraat, Antwerpen, Belgium	51.215447,4.4447065	660	['Carnotstraat', 'Turnhoutsebaan', 'N12 - Turnhoutsebaan', 'Statielei', None]
2025-11-29T15:59:12.773054	120 Carnotstraat, Antwerpen, Belgium	51.215447,4.4447065	435	['Carnotstraat', 'Turnhoutsebaan', 'N12 - Turnhoutsebaan', 'Statielei', None, 'Helmstraat', 'Borsbeekstraat', 'Terlostraat', 'Florastraat']
2025-11-29T15:59:12.773054	120 Carnotstraat, Antwerpen, Belgium	51.215447,4.4447065	625	['Carnotstraat', 'Turnhoutsebaan', 'N12 - Turnhoutsebaan', 'Statielei', None]
2025-11-29T15:59:12.773054	120 Carnotstraat, Antwerpen, Belgium	51.215447,4.4447065	716	['Carnotstraat', 'Kerkstraat', 'Lovelingstraat', 'Schapenstraat', 'Kistemaeckersstraat', 'Vercammenstraat', 'Groeningerplein', 'Drossaardstraat', 'Borsbeekstraat', 'Gijselsstraat', None]
2025-11-29T16:11:16.952994	120 Carnotstraat, Antwerpen, Belgium	51.215447,4.4447065	413	['Carnotstraat', 'Turnhoutsebaan', 'N12 - Turnhoutsebaan', 'Statielei', None, 'Helmstraat', 'Borsbeekstraat', 'Terlostraat', 'Florastraat']
2025-11-29T16:11:16.952994	120 Carnotstraat, Antwerpen, Belgium	51.215447,4.4447065	472	['Carnotstraat', 'Kerkstraat', 'Lovelingstraat', 'Schapenstraat', 'Kistemaeckersstraat', 'Vercammenstraat', 'Groeningerplein', 'Drossaardstraat', 'Borsbeekstraat', 'Gijselsstraat', None]
2025-11-29T16:11:16.952994	120 Carnotstraat, Antwerpen, Belgium	51.215447,4.4447065	573	['Carnotstraat', 'Turnhoutsebaan', 'N12 - Turnhoutsebaan', 'Statielei', None]
2025-11-29T16:26:40.592263	120 Carnotstraat, Antwerpen, Belgium	51.215447,4.4447065	410	['Carnotstraat', 'Turnhoutsebaan', 'N12 - Turnhoutsebaan', 'Statielei', None, 'Helmstraat', 'Borsbeekstraat', 'Terlostraat', 'Florastraat']
2025-11-29T16:26:40.592263	120 Carnotstraat, Antwerpen, Belgium	51.215447,4.4447065	527	['Carnotstraat', 'Kerkstraat', 'Lovelingstraat', 'Schapenstraat', 'Kistemaeckersstraat', 'Vercammenstraat', 'Groeningerplein', 'Drossaardstraat', 'Borsbeekstraat', 'Gijselsstraat', None]
2025-11-29T16:26:40.592263	120 Carnotstraat, Antwerpen, Belgium	51.215447,4.4447065	535	['Carnotstraat', 'Turnhoutsebaan', 'N12 - Turnhoutsebaan', 'Statielei', None]
2025-11-29T16:40:20.939202	120 Carnotstraat, Antwerpen, Belgium	51.215447,4.4447065	414	['Carnotstraat', 'Turnhoutsebaan', 'N12 - Turnhoutsebaan', 'Statielei', None, 'Helmstraat', 'Borsbeekstraat', 'Terlostraat', 'Florastraat']
2025-11-29T16:40:20.939202	120 Carnotstraat, Antwerpen, Belgium	51.215447,4.4447065	520	['Carnotstraat', 'Turnhoutsebaan', 'N12 - Turnhoutsebaan', 'Statielei', None]
2025-11-29T16:40:20.939202	120 Carnotstraat, Antwerpen, Belgium	51.215447,4.4447065	528	['Carnotstraat', 'Kerkstraat', 'Lovelingstraat', 'Schapenstraat', 'Kistemaeckersstraat', 'Vercammenstraat', 'Groeningerplein', 'Drossaardstraat', 'Borsbeekstraat', 'Gijselsstraat', None]
2025-11-29T16:50:27.507594	120 Carnotstraat, Antwerpen, Belgium	51.215447,4.4447065	401	['Carnotstraat', 'Turnhoutsebaan', 'N12 - Turnhoutsebaan', 'Statielei', None, 'Helmstraat', 'Borsbeekstraat', 'Terlostraat', 'Florastraat']
2025-11-29T16:50:27.507594	120 Carnotstraat, Antwerpen, Belgium	51.215447,4.4447065	521	['Carnotstraat', 'Kerkstraat', 'Lovelingstraat', 'Schapenstraat', 'Kistemaeckersstraat', 'Vercammenstraat', 'Groeningerplein', 'Drossaardstraat', 'Borsbeekstraat', 'Gijselsstraat', None]
2025-11-29T16:50:27.507594	120 Carnotstraat, Antwerpen, Belgium	51.215447,4.4447065	564	['Carnotstraat', 'Turnhoutsebaan', 'N12 - Turnhoutsebaan', 'Statielei', None]
2025-11-29T16:58:45.098042	120 Carnotstraat, Antwerpen, Belgium	51.215447,4.4447065	386	['Carnotstraat', 'Turnhoutsebaan', 'N12 - Turnhoutsebaan', 'Statielei', None, 'Helmstraat', 'Borsbeekstraat', 'Terlostraat', 'Florastraat']
2025-11-29T16:58:45.098042	120 Carnotstraat, Antwerpen, Belgium	51.215447,4.4447065	546	['Carnotstraat', 'Kerkstraat', 'Lovelingstraat', 'Schapenstraat', 'Kistemaeckersstraat', 'Vercammenstraat', 'Groeningerplein', 'Drossaardstraat', 'Borsbeekstraat', 'Gijselsstraat', None]
2025-11-29T16:58:45.098042	120 Carnotstraat, Antwerpen, Belgium	51.215447,4.4447065	556	['Carnotstraat', 'Turnhoutsebaan', 'N12 - Turnhoutsebaan', 'Statielei', None]
